{
    "name": "Pyre",
    "version": "0.0.1",
    "storage": "arweave",
    "description": "Practical applications of Helius",
    "website": "http://pyre-xnft.vercel.app",
    "kind": "app",
    "icon": {
      "md": "./assets/helius.png"
    },
    "contact": "@heliuslabs or @t1d3law on Twitter",
    "screenshots": [
      "./assets/landingScreenshot.png",
      "./assets/menuScreenshot.png",
      "./assets/questionScreenshot.png"
    ],
    "entrypoints": {
      "default": {
        "web": "http://pyre-xnft.vercel.app"
      }
    }
  }